Workbook

Sheet Сводная таблица
A3: Названия строк | B3: Сумма по полю Товарооборот, руб | C3: Среднее по полю Товарооборот на склад | D3: Сумма по полю Количество заказов
A4: 18 | B4: 836803032 | C4: 1903.9288 | D4: 492875
A5: 19 | B5: 9.8391541e+08 | C5: 1902.2236 | D5: 580676
A6: 20 | B6: 9.4726301e+08 | C6: 1905.7725 | D6: 567181
A7: 21 | B7: 1.0026919e+09 | C7: 2096.634 | D7: 618997
A8: 22 | B8: 1.0556535e+09 | C8: 1983.3506 | D8: 644177
A9: 23 | B9: 1.3603238e+08 | C9: 1620.0542 | D9: 84864
A10: Общий итог | B10: 4.9623592e+09 | C10: 1948.6219 | D10: 2988770

Sheet Лист1
A1: Дата | B1: Неделя | C1: Территория | D1: Товарооборот, шт | E1: Товарооборот, руб | F1: Количество складов | G1: Количество заказов | H1: Количество клиентов | I1: Товарооборот на склад
A2: 43982 | B2: =WEEKNUM(A2, 2) -> 22 | C2: Самара | D2: 7944 | E2: 623971.5 | F2: {=_xlfn.XLOOKUP(A2&C2, Лист2!$A$2:$A$505&Лист2!$B$2:$B$505, Лист2!$C$2:$C$505)} -> 15 | G2: {=_xlfn.XLOOKUP(A2&C2, Лист2!$A$2:$A$505&Лист2!$B$2:$B$505, Лист2!$D$2:$D$505)} -> 441 | H2: {=_xlfn.XLOOKUP(A2&C2, Лист2!$A$2:$A$505&Лист2!$B$2:$B$505, Лист2!$E$2:$E$505)} -> 368 | I2: =D2/F2 -> 529.6
A3: 43981 | B3: =WEEKNUM(A3, 2) -> 22 | C3: Самара | D3: 10029 | E3: 787101 | F3: {=_xlfn.XLOOKUP(A3&C3, Лист2!$A$2:$A$505&Лист2!$B$2:$B$505, Лист2!$C$2:$C$505)} -> 15 | G3: {=_xlfn.XLOOKUP(A3&C3, Лист2!$A$2:$A$505&Лист2!$B$2:$B$505, Лист2!$D$2:$D$505)} -> 490 | H3: {=_xlfn.XLOOKUP(A3&C3, Лист2!$A$2:$A$505&Лист2!$B$2:$B$505, Лист2!$E$2:$E$505)} -> 409 | I3: =D3/F3 -> 668.6
A4: 43979 | B4: =WEEKNUM(A4, 2) -> 22 | C4: Самара | D4: 8536.5 | E4: 643944 | F4: {=_xlfn.XLOOKUP(A4&C4, Лист2!$A$2:$A$505&Лист2!$B$2:$B$505, Лист2!$C$2:$C$505)} -> 15 | G4: {=_xlfn.XLOOKUP(A4&C4, Лист2!$A$2:$A$505&Лист2!$B$2:$B$505, Лист2!$D$2:$D$505)} -> 464 | H4: {=_xlfn.XLOOKUP(A4&C4, Лист2!$A$2:$A$505&Лист2!$B$2:$B$505, Лист2!$E$2:$E$505)} -> 390 | I4: =D4/F4 -> 569.1
A5: 43967 | B5: =WEEKNUM(A5, 2) -> 20 | C5: Кемерово | D5: 38947.5 | E5: 3395892 | F5: {=_xlfn.XLOOKUP(A5&C5, Лист2!$A$2:$A$505&Лист2!$B$2:$B$505, Лист2!$C$2:$C$505)} -> 21 | G5: {=_xlfn.XLOOKUP(A5&C5, Лист2!$A$2:$A$505&Лист2!$B$2:$B$505, Лист2!$D$2:$D$505)} -> 2145 | H5: {=_xlfn.XLOOKUP(A5&C5, Лист2!$A$2:$A$505&Лист2!$B$2:$B$505, Лист2!$E$2:$E$505)} -> 1947 | I5: =D5/F5 -> 1854.6429
A6: 43970 | B6: =WEEKNUM(A6, 2) -> 21 | C6: Кемерово | D6: 31842 | E6: 2771116.5 | F6: {=_xlfn.XLOOKUP(A6&C6, Лист2!$A$2:$A$505&Лист2!$B$2:$B$505, Лист2!$C$2:$C$505)} -> 21 | G6: {=_xlfn.XLOOKUP(A6&C6, Лист2!$A$2:$A$505&Лист2!$B$2:$B$505, Лист2!$D$2:$D$505)} -> 1860 | H6: {=_xlfn.XLOOKUP(A6&C6, Лист2!$A$2:$A$505&Лист2!$B$2:$B$505, Лист2!$E$2:$E$505)} -> 1704 | I6: =D6/F6 -> 1516.2857
A7: 43968 | B7: =WEEKNUM(A7, 2) -> 20 | C7: Кемерово | D7: 32023.5 | E7: 2882458.5 | F7: {=_xlfn.XLOOKUP(A7&C7, Лист2!$A$2:$A$505&Лист2!$B$2:$B$505, Лист2!$C$2:$C$505)} -> 21 | G7: {=_xlfn.XLOOKUP(A7&C7, Лист2!$A$2:$A$505&Лист2!$B$2:$B$505, Лист2!$D$2:$D$505)} -> 1874 | H7: {=_xlfn.XLOOKUP(A7&C7, Лист2!$A$2:$A$505&Лист2!$B$2:$B$505, Лист2!$E$2:$E$505)} -> 1705 | I7: =D7/F7 -> 1524.9286
A8: 43960 | B8: =WEEKNUM(A8, 2) -> 19 | C8: Кемерово | D8: 31147.5 | E8: 2831019 | F8: {=_xlfn.XLOOKUP(A8&C8, Лист2!$A$2:$A$505&Лист2!$B$2:$B$505, Лист2!$C$2:$C$505)} -> 21 | G8: {=_xlfn.XLOOKUP(A8&C8, Лист2!$A$2:$A$505&Лист2!$B$2:$B$505, Лист2!$D$2:$D$505)} -> 1735 | H8: {=_xlfn.XLOOKUP(A8&C8, Лист2!$A$2:$A$505&Лист2!$B$2:$B$505, Лист2!$E$2:$E$505)} -> 1568 | I8: =D8/F8 -> 1483.2143
A9: 43955 | B9: =WEEKNUM(A9, 2) -> 19 | C9: Кемерово | D9: 25566 | E9: 2372310 | F9: {=_xlfn.XLOOKUP(A9&C9, Лист2!$A$2:$A$505&Лист2!$B$2:$B$505, Лист2!$C$2:$C$505)} -> 20 | G9: {=_xlfn.XLOOKUP(A9&C9, Лист2!$A$2:$A$505&Лист2!$B$2:$B$505, Лист2!$D$2:$D$505)} -> 1519 | H9: {=_xlfn.XLOOKUP(A9&C9, Лист2!$A$2:$A$505&Лист2!$B$2:$B$505, Лист2!$E$2:$E$505)} -> 1372 | I9: =D9/F9 -> 1278.3
A10: 43950 | B10: =WEEKNUM(A10, 2) -> 18 | C10: Кемерово | D10: 29319 | E10: 2623480.5 | F10: {=_xlfn.XLOOKUP(A10&C10, Лист2!$A$2:$A$505&Лист2!$B$2:$B$505, Лист2!$C$2:$C$505)} -> 18 | G10: {=_xlfn.XLOOKUP(A10&C10, Лист2!$A$2:$A$505&Лист2!$B$2:$B$505, Лист2!$D$2:$D$505)} -> 1684 | H10: {=_xlfn.XLOOKUP(A10&C10, Лист2!$A$2:$A$505&Лист2!$B$2:$B$505, Лист2!$E$2:$E$505)} -> 1528 | I10: =D10/F10 -> 1628.8333
A11: 43953 | B11: =WEEKNUM(A11, 2) -> 18 | C11: Кемерово | D11: 29031 | E11: 2711247 | F11: {=_xlfn.XLOOKUP(A11&C11, Лист2!$A$2:$A$505&Лист2!$B$2:$B$505, Лист2!$C$2:$C$505)} -> 18 | G11: {=_xlfn.XLOOKUP(A11&C11, Лист2!$A$2:$A$505&Лист2!$B$2:$B$505, Лист2!$D$2:$D$505)} -> 1708 | H11: {=_xlfn.XLOOKUP(A11&C11, Лист2!$A$2:$A$505&Лист2!$B$2:$B$505, Лист2!$E$2:$E$505)} -> 1534 | I11: =D11/F11 -> 1612.8333
A12: 43977 | B12: =WEEKNUM(A12, 2) -> 22 | C12: Кемерово | D12: 33423 | E12: 2970330 | F12: {=_xlfn.XLOOKUP(A12&C12, Лист2!$A$2:$A$505&Лист2!$B$2:$B$505, Лист2!$C$2:$C$505)} -> 20 | G12: {=_xlfn.XLOOKUP(A12&C12, Лист2!$A$2:$A$505&Лист2!$B$2:$B$505, Лист2!$D$2:$D$505)} -> 2044 | H12: {=_xlfn.XLOOKUP(A12&C12, Лист2!$A$2:$A$505&Лист2!$B$2:$B$505, Лист2!$E$2:$E$505)} -> 1863 | I12: =D12/F12 -> 1671.15
A13: 43952 | B13: =WEEKNUM(A13, 2) -> 18 | C13: Кемерово | D13: 32487 | E13: 3031254 | F13: {=_xlfn.XLOOKUP(A13&C13, Лист2!$A$2:$A$505&Лист2!$B$2:$B$505, Лист2!$C$2:$C$505)} -> 18 | G13: {=_xlfn.XLOOKUP(A13&C13, Лист2!$A$2:$A$505&Лист2!$B$2:$B$505, Лист2!$D$2:$D$505)} -> 1826 | H13: {=_xlfn.XLOOKUP(A13&C13, Лист2!$A$2:$A$505&Лист2!$B$2:$B$505, Лист2!$E$2:$E$505)} -> 1633 | I13: =D13/F13 -> 1804.8333
... A505: 43983 | B505: =WEEKNUM(A505, 2) -> 23 | C505: Новосибирск | D505: 14238 | E505: 1293219 | F505: {=_xlfn.XLOOKUP(A505&C505, Лист2!$A$2:$A$505&Лист2!$B$2:$B$505, Лист2!$C$2:$C$505)} -> 18 | G505: {=_xlfn.XLOOKUP(A505&C505, Лист2!$A$2:$A$505&Лист2!$B$2:$B$505, Лист2!$D$2:$D$505)} -> 923 | H505: {=_xlfn.XLOOKUP(A505&C505, Лист2!$A$2:$A$505&Лист2!$B$2:$B$505, Лист2!$E$2:$E$505)} -> 824 | I505: =D505/F505 -> 791

Sheet Лист2
A1: Дата | B1: Территория | C1: Количество складов | D1: Количество заказов | E1: Количество клиентов
A2: 43949 | B2: Волгоград | C2: 36 | D2: 4923 | E2: 4560
A3: 43949 | B3: Екатеринбург | C3: 31 | D3: 5465 | E3: 5096
A4: 43949 | B4: Казань | C4: 19 | D4: 1846 | E4: 1681
A5: 43949 | B5: Кемерово | C5: 18 | D5: 1539 | E5: 1404
A6: 43949 | B6: Краснодар | C6: 18 | D6: 1505 | E6: 1368
A7: 43949 | B7: Москва Восток | C7: 54 | D7: 12306 | E7: 11532
A8: 43949 | B8: Москва Запад | C8: 59 | D8: 12943 | E8: 12072
A9: 43949 | B9: Нижний Новгород | C9: 17 | D9: 1439 | E9: 1265
A10: 43949 | B10: Новосибирск | C10: 15 | D10: 636 | E10: 547
A11: 43949 | B11: Пермь | C11: 15 | D11: 780 | E11: 690
A12: 43949 | B12: Санкт-Петербург Север | C12: 125 | D12: 20914 | E12: 19479
A13: 43949 | B13: Санкт-Петербург Юг | C13: 128 | D13: 16450 | E13: 15320
... A505: 43983 | B505: Уфа | C505: 6 | D505: 237 | E505: 175
